{
  "service": {
    "service": "baseline-webpage",
    "serviceObject": {
      "name": "baseline-webpage"
    },
    "provider": {
      "name": "aws",
      "runtime": "nodejs14.x",
      "deploymentMethod": "direct",
      "deploymentPrefix": "baseline-webpage-staging",
      "stage": "dev",
      "region": "ap-southeast-2",
      "versionFunctions": true,
      "compiledCloudFormationTemplate": {
        "AWSTemplateFormatVersion": "2010-09-09",
        "Description": "baseline-webpage staging",
        "Resources": {
          "ServerlessDeploymentBucket": {
            "Type": "AWS::S3::Bucket",
            "Properties": {
              "BucketEncryption": {
                "ServerSideEncryptionConfiguration": [
                  {
                    "ServerSideEncryptionByDefault": {
                      "SSEAlgorithm": "AES256"
                    }
                  }
                ]
              }
            }
          },
          "ServerlessDeploymentBucketPolicy": {
            "Type": "AWS::S3::BucketPolicy",
            "Properties": {
              "Bucket": {
                "Ref": "ServerlessDeploymentBucket"
              },
              "PolicyDocument": {
                "Statement": [
                  {
                    "Action": "s3:*",
                    "Effect": "Deny",
                    "Principal": "*",
                    "Resource": [
                      {
                        "Fn::Join": [
                          "",
                          [
                            "arn:",
                            {
                              "Ref": "AWS::Partition"
                            },
                            ":s3:::",
                            {
                              "Ref": "ServerlessDeploymentBucket"
                            },
                            "/*"
                          ]
                        ]
                      },
                      {
                        "Fn::Join": [
                          "",
                          [
                            "arn:",
                            {
                              "Ref": "AWS::Partition"
                            },
                            ":s3:::",
                            {
                              "Ref": "ServerlessDeploymentBucket"
                            }
                          ]
                        ]
                      }
                    ],
                    "Condition": {
                      "Bool": {
                        "aws:SecureTransport": false
                      }
                    }
                  }
                ]
              }
            }
          },
          "Bucket": {
            "Type": "AWS::S3::Bucket",
            "Properties": {
              "OwnershipControls": {
                "Rules": [
                  {
                    "ObjectOwnership": "BucketOwnerPreferred"
                  }
                ]
              },
              "PublicAccessBlockConfiguration": {
                "BlockPublicAcls": false,
                "BlockPublicPolicy": false,
                "IgnorePublicAcls": false,
                "RestrictPublicBuckets": false
              }
            }
          },
          "BucketPolicy": {
            "Type": "AWS::S3::BucketPolicy",
            "Properties": {
              "Bucket": {
                "Ref": "Bucket"
              },
              "PolicyDocument": {
                "Statement": [
                  {
                    "Sid": "PublicReadGetObject",
                    "Effect": "Allow",
                    "Principal": {
                      "Service": "cloudfront.amazonaws.com"
                    },
                    "Action": [
                      "s3:GetObject"
                    ],
                    "Resource": {
                      "Fn::Join": [
                        "",
                        [
                          "arn:aws:s3:::",
                          {
                            "Ref": "Bucket"
                          },
                          "/*"
                        ]
                      ]
                    },
                    "Condition": {
                      "StringEquals": {
                        "AWS:SourceArn": {
                          "Fn::Join": [
                            "",
                            [
                              "arn:aws:cloudfront::",
                              {
                                "Ref": "AWS::AccountId"
                              },
                              ":distribution/",
                              {
                                "Ref": "WebsiteCloudFrontDistribution"
                              }
                            ]
                          ]
                        }
                      }
                    }
                  }
                ]
              }
            }
          },
          "CloudfrontResponsePolicy": {
            "Type": "AWS::CloudFront::ResponseHeadersPolicy",
            "Properties": {
              "ResponseHeadersPolicyConfig": {
                "Name": "baseline-webpage-staging-no-cache-headers",
                "CustomHeadersConfig": {
                  "Items": [
                    {
                      "Header": "Cache-Control",
                      "Override": true,
                      "Value": "no-cache"
                    }
                  ]
                }
              }
            }
          },
          "WebsiteCloudFrontDistributionOriginAccessControl": {
            "Type": "AWS::CloudFront::OriginAccessControl",
            "Properties": {
              "OriginAccessControlConfig": {
                "Name": "baseline-webpage-staging-cloudfront-oac",
                "OriginAccessControlOriginType": "s3",
                "SigningBehavior": "always",
                "SigningProtocol": "sigv4"
              }
            }
          },
          "WebsiteCloudFrontDistribution": {
            "Type": "AWS::CloudFront::Distribution",
            "Properties": {
              "DistributionConfig": {
                "Enabled": true,
                "HttpVersion": "http2",
                "Origins": [
                  {
                    "DomainName": {
                      "Fn::GetAtt": [
                        "Bucket",
                        "RegionalDomainName"
                      ]
                    },
                    "Id": {
                      "Fn::GetAtt": [
                        "Bucket",
                        "RegionalDomainName"
                      ]
                    },
                    "OriginAccessControlId": {
                      "Ref": "WebsiteCloudFrontDistributionOriginAccessControl"
                    },
                    "S3OriginConfig": {
                      "OriginAccessIdentity": ""
                    }
                  }
                ],
                "DefaultRootObject": "index.html",
                "CustomErrorResponses": [
                  {
                    "ErrorCode": 403,
                    "ResponseCode": 200,
                    "ResponsePagePath": "/index.html"
                  }
                ],
                "DefaultCacheBehavior": {
                  "AllowedMethods": [
                    "GET",
                    "HEAD"
                  ],
                  "CachedMethods": [
                    "HEAD",
                    "GET"
                  ],
                  "Compress": true,
                  "DefaultTTL": 1800,
                  "MinTTL": 0,
                  "TargetOriginId": {
                    "Fn::GetAtt": [
                      "Bucket",
                      "RegionalDomainName"
                    ]
                  },
                  "ForwardedValues": {
                    "QueryString": false,
                    "Cookies": {
                      "Forward": "none"
                    }
                  },
                  "ViewerProtocolPolicy": "redirect-to-https",
                  "CachePolicyId": "658327ea-f89d-4fab-a63d-7e88639e58f6",
                  "ResponseHeadersPolicyId": {
                    "Ref": "CloudfrontResponsePolicy"
                  }
                },
                "ViewerCertificate": {
                  "CloudFrontDefaultCertificate": true
                }
              }
            }
          }
        },
        "Outputs": {
          "ServerlessDeploymentBucketName": {
            "Value": {
              "Ref": "ServerlessDeploymentBucket"
            },
            "Export": {
              "Name": "sls-baseline-webpage-staging-ServerlessDeploymentBucketName"
            }
          },
          "WebsiteUrl": {
            "Description": "Cloudfront site URL",
            "Value": {
              "Fn::Join": [
                "://",
                [
                  "https",
                  {
                    "Fn::GetAtt": [
                      "WebsiteCloudFrontDistribution",
                      "DomainName"
                    ]
                  }
                ]
              ]
            }
          },
          "WebsiteCloudFrontDistribution": {
            "Description": "Cloudfront site URL",
            "Value": {
              "Fn::GetAtt": [
                "WebsiteCloudFrontDistribution",
                "DomainName"
              ]
            }
          },
          "CDNDistributionId": {
            "Description": "CDN distribution id.",
            "Value": {
              "Ref": "WebsiteCloudFrontDistribution"
            }
          },
          "S3Bucket": {
            "Description": "S3 Bucket",
            "Value": {
              "Ref": "Bucket"
            }
          }
        }
      },
      "coreCloudFormationTemplate": {
        "AWSTemplateFormatVersion": "2010-09-09",
        "Description": "The AWS CloudFormation template for this Serverless application",
        "Resources": {
          "ServerlessDeploymentBucket": {
            "Type": "AWS::S3::Bucket",
            "Properties": {
              "BucketEncryption": {
                "ServerSideEncryptionConfiguration": [
                  {
                    "ServerSideEncryptionByDefault": {
                      "SSEAlgorithm": "AES256"
                    }
                  }
                ]
              }
            }
          },
          "ServerlessDeploymentBucketPolicy": {
            "Type": "AWS::S3::BucketPolicy",
            "Properties": {
              "Bucket": {
                "Ref": "ServerlessDeploymentBucket"
              },
              "PolicyDocument": {
                "Statement": [
                  {
                    "Action": "s3:*",
                    "Effect": "Deny",
                    "Principal": "*",
                    "Resource": [
                      {
                        "Fn::Join": [
                          "",
                          [
                            "arn:",
                            {
                              "Ref": "AWS::Partition"
                            },
                            ":s3:::",
                            {
                              "Ref": "ServerlessDeploymentBucket"
                            },
                            "/*"
                          ]
                        ]
                      },
                      {
                        "Fn::Join": [
                          "",
                          [
                            "arn:",
                            {
                              "Ref": "AWS::Partition"
                            },
                            ":s3:::",
                            {
                              "Ref": "ServerlessDeploymentBucket"
                            }
                          ]
                        ]
                      }
                    ],
                    "Condition": {
                      "Bool": {
                        "aws:SecureTransport": false
                      }
                    }
                  }
                ]
              }
            }
          }
        },
        "Outputs": {
          "ServerlessDeploymentBucketName": {
            "Value": {
              "Ref": "ServerlessDeploymentBucket"
            }
          }
        }
      }
    },
    "custom": {
      "s3Sync": [
        {
          "bucketNameKey": "S3Bucket",
          "localDir": "build/"
        }
      ],
      "cloudfrontInvalidate": [
        {
          "distributionIdKey": "CDNDistributionId",
          "items": [
            "/*"
          ]
        }
      ]
    },
    "plugins": [
      "serverless-s3-sync",
      "serverless-cloudfront-invalidate"
    ],
    "pluginsData": {},
    "functions": {},
    "resources": {
      "Description": "baseline-webpage staging",
      "Resources": {
        "Bucket": {
          "Type": "AWS::S3::Bucket",
          "Properties": {
            "OwnershipControls": {
              "Rules": [
                {
                  "ObjectOwnership": "BucketOwnerPreferred"
                }
              ]
            },
            "PublicAccessBlockConfiguration": {
              "BlockPublicAcls": false,
              "BlockPublicPolicy": false,
              "IgnorePublicAcls": false,
              "RestrictPublicBuckets": false
            }
          }
        },
        "BucketPolicy": {
          "Type": "AWS::S3::BucketPolicy",
          "Properties": {
            "Bucket": {
              "Ref": "Bucket"
            },
            "PolicyDocument": {
              "Statement": [
                {
                  "Sid": "PublicReadGetObject",
                  "Effect": "Allow",
                  "Principal": {
                    "Service": "cloudfront.amazonaws.com"
                  },
                  "Action": [
                    "s3:GetObject"
                  ],
                  "Resource": {
                    "Fn::Join": [
                      "",
                      [
                        "arn:aws:s3:::",
                        {
                          "Ref": "Bucket"
                        },
                        "/*"
                      ]
                    ]
                  },
                  "Condition": {
                    "StringEquals": {
                      "AWS:SourceArn": {
                        "Fn::Join": [
                          "",
                          [
                            "arn:aws:cloudfront::",
                            {
                              "Ref": "AWS::AccountId"
                            },
                            ":distribution/",
                            {
                              "Ref": "WebsiteCloudFrontDistribution"
                            }
                          ]
                        ]
                      }
                    }
                  }
                }
              ]
            }
          }
        },
        "CloudfrontResponsePolicy": {
          "Type": "AWS::CloudFront::ResponseHeadersPolicy",
          "Properties": {
            "ResponseHeadersPolicyConfig": {
              "Name": "baseline-webpage-staging-no-cache-headers",
              "CustomHeadersConfig": {
                "Items": [
                  {
                    "Header": "Cache-Control",
                    "Override": true,
                    "Value": "no-cache"
                  }
                ]
              }
            }
          }
        },
        "WebsiteCloudFrontDistributionOriginAccessControl": {
          "Type": "AWS::CloudFront::OriginAccessControl",
          "Properties": {
            "OriginAccessControlConfig": {
              "Name": "baseline-webpage-staging-cloudfront-oac",
              "OriginAccessControlOriginType": "s3",
              "SigningBehavior": "always",
              "SigningProtocol": "sigv4"
            }
          }
        },
        "WebsiteCloudFrontDistribution": {
          "Type": "AWS::CloudFront::Distribution",
          "Properties": {
            "DistributionConfig": {
              "Enabled": true,
              "HttpVersion": "http2",
              "Origins": [
                {
                  "DomainName": {
                    "Fn::GetAtt": [
                      "Bucket",
                      "RegionalDomainName"
                    ]
                  },
                  "Id": {
                    "Fn::GetAtt": [
                      "Bucket",
                      "RegionalDomainName"
                    ]
                  },
                  "OriginAccessControlId": {
                    "Ref": "WebsiteCloudFrontDistributionOriginAccessControl"
                  },
                  "S3OriginConfig": {
                    "OriginAccessIdentity": ""
                  }
                }
              ],
              "DefaultRootObject": "index.html",
              "CustomErrorResponses": [
                {
                  "ErrorCode": 403,
                  "ResponseCode": 200,
                  "ResponsePagePath": "/index.html"
                }
              ],
              "DefaultCacheBehavior": {
                "AllowedMethods": [
                  "GET",
                  "HEAD"
                ],
                "CachedMethods": [
                  "HEAD",
                  "GET"
                ],
                "Compress": true,
                "DefaultTTL": 1800,
                "MinTTL": 0,
                "TargetOriginId": {
                  "Fn::GetAtt": [
                    "Bucket",
                    "RegionalDomainName"
                  ]
                },
                "ForwardedValues": {
                  "QueryString": false,
                  "Cookies": {
                    "Forward": "none"
                  }
                },
                "ViewerProtocolPolicy": "redirect-to-https",
                "CachePolicyId": "658327ea-f89d-4fab-a63d-7e88639e58f6",
                "ResponseHeadersPolicyId": {
                  "Ref": "CloudfrontResponsePolicy"
                }
              },
              "ViewerCertificate": {
                "CloudFrontDefaultCertificate": true
              }
            }
          }
        }
      },
      "Outputs": {
        "WebsiteUrl": {
          "Description": "Cloudfront site URL",
          "Value": {
            "Fn::Join": [
              "://",
              [
                "https",
                {
                  "Fn::GetAtt": [
                    "WebsiteCloudFrontDistribution",
                    "DomainName"
                  ]
                }
              ]
            ]
          }
        },
        "WebsiteCloudFrontDistribution": {
          "Description": "Cloudfront site URL",
          "Value": {
            "Fn::GetAtt": [
              "WebsiteCloudFrontDistribution",
              "DomainName"
            ]
          }
        },
        "CDNDistributionId": {
          "Description": "CDN distribution id.",
          "Value": {
            "Ref": "WebsiteCloudFrontDistribution"
          }
        },
        "S3Bucket": {
          "Description": "S3 Bucket",
          "Value": {
            "Ref": "Bucket"
          }
        }
      }
    },
    "configValidationMode": "warn",
    "serviceFilename": "serverless.yml",
    "initialServerlessConfig": {
      "service": "baseline-webpage",
      "frameworkVersion": ">=2.0.0 <4.0.0",
      "plugins": {
        "$ref": "$[\"service\"][\"plugins\"]"
      },
      "custom": {
        "$ref": "$[\"service\"][\"custom\"]"
      },
      "provider": {
        "$ref": "$[\"service\"][\"provider\"]"
      },
      "resources": {
        "$ref": "$[\"service\"][\"resources\"]"
      }
    },
    "layers": {},
    "isDashboardMonitoringPreconfigured": false
  },
  "package": {
    "artifactDirectoryName": "baseline-webpage-staging/baseline-webpage/staging/1751597823074-2025-07-04T02:57:03.074Z",
    "artifact": ""
  }
}